title,author,bvid,url,cover,play_count,danmaku_count,like_count,coin_count,favorite_count,duration,pubdate
血战到天亮，22小时挣728元1张馅饼1个茶叶蛋晚安全世界，终于可以睡觉啦,猴哥的小生活,BV1tMV16rEA8,https://www.bilibili.com/video/BV1tMV16rEA8,http://i1.hdslb.com/bfs/archive/7f9fc19ff134d572f310855100431823cf62995a.jpg,1179274,2879,195582,61507,11748,06:25,2026-06-03 18:00
特朗普的愤怒,燕三嘤嘤嘤,BV1XQ7Z6eEki,https://www.bilibili.com/video/BV1XQ7Z6eEki,http://i0.hdslb.com/bfs/archive/d106118a7a33e310838a2e387ce511583c5a7a62.jpg,1634624,8078,96431,22498,15899,18:53,2026-06-04 11:50
当父母说出了正确答案：,进击的金厂长,BV16kV26TES7,https://www.bilibili.com/video/BV16kV26TES7,http://i0.hdslb.com/bfs/archive/982b25c4ef21fb08f77ae933c89f4b99d5b0c86a.jpg,1969776,1117,169582,69247,63903,02:09,2026-06-03 17:32
致敬每一个心中有花，努力奔跑的人,爱画画的子衿,BV1Qi7f6eE59,https://www.bilibili.com/video/BV1Qi7f6eE59,http://i1.hdslb.com/bfs/archive/2c9cc3dd70d264a8473e46b8bebaad7db4d6ef2c.jpg,412517,878,59046,37116,3772,05:13,2026-06-04 16:30
如何拍出电影感大片,喜欢拍照的皮皮,BV16DVz6UE77,https://www.bilibili.com/video/BV16DVz6UE77,http://i1.hdslb.com/bfs/archive/82ba23d6fb45244f769f8f127cfbe2f51afe67c8.jpg,1258202,147,111208,3181,37673,01:00,2026-06-02 15:07
不看后悔！史上最神人店家！,转生成为毛毛,BV1w6EF6QEjZ,https://www.bilibili.com/video/BV1w6EF6QEjZ,http://i1.hdslb.com/bfs/archive/07cb98d8f59285212c90c7646739a87803bf06c0.jpg,459762,1207,20126,827,3089,03:06,2026-06-04 17:00
【aespa】LEMONNNN,aespa,BV1bwV161Er2,https://www.bilibili.com/video/BV1bwV161Er2,http://i1.hdslb.com/bfs/archive/1e63fbee388c793dc0403c872eefb52a8d7d8615.jpg,2716155,2306,42034,7593,3773,00:11,2026-06-03 16:30
复仇整蛊！蛋黄派伪装摄影师突袭周深，几秒就被识破？,记录生活的蛋黄派,BV1edV26tEsB,https://www.bilibili.com/video/BV1edV26tEsB,http://i2.hdslb.com/bfs/archive/a16b60bc03719059e3218dee538877f554f3f9b4.jpg,557440,4685,38331,18213,11132,09:16,2026-06-04 17:30
我的世界杯主题曲！IShowSpeed - World Cup (Champions),ishowspeedsui,BV1jwV663EjR,https://www.bilibili.com/video/BV1jwV663EjR,http://i2.hdslb.com/bfs/archive/2807f6a9b9342740dfa8764e7bcc6e231196c94f.jpg,3327609,1924,173408,30271,27796,04:59,2026-06-02 15:49
最 不 物 质 之 人,张八筒筒,BV1DB7f6AEBK,https://www.bilibili.com/video/BV1DB7f6AEBK,http://i1.hdslb.com/bfs/archive/612e05a8e02454bd4e3723991d4808f061b1c188.jpg,517550,337,31108,561,1107,02:07,2026-06-04 17:05
夏天一到，海鲜瘾就犯了，随手调个捞汁泡上，冰箱搁1小时开吃。,日食记,BV1ESV26YEFz,https://www.bilibili.com/video/BV1ESV26YEFz,http://i1.hdslb.com/bfs/archive/b18cd745894e04c2758f662dcd87d8624e009fda.jpg,310313,115,22250,1246,4319,01:38,2026-06-04 16:00
不儿，你俩来真的啊？！,主持人yoyo酱,BV1RvVo6QEqo,https://www.bilibili.com/video/BV1RvVo6QEqo,http://i1.hdslb.com/bfs/archive/e8bde3297455f3796e516de2362d5eb1085d9abf.jpg,3814074,11738,493425,398698,78058,04:25,2026-06-01 19:50
“超微距”下的瑞士长什么样？,影视飓风,BV1vkVB6NEuR,https://www.bilibili.com/video/BV1vkVB6NEuR,http://i2.hdslb.com/bfs/archive/41c26593a4f6e269b2f74ae1ea241ec14b68be24.jpg,2354500,6300,107844,36463,21028,22:49,2026-06-03 17:00
开关灯木头人挑战！,酱油白米饭原创,BV1rMVz67EMs,https://www.bilibili.com/video/BV1rMVz67EMs,http://i0.hdslb.com/bfs/archive/b909eaaf95648e5156635c9c1afd57ac6da69f64.jpg,1734117,333,71714,1225,16089,01:39,2026-06-02 18:17
【侯绿萝】视频加载中，速速查收惊喜！,侯绿萝,BV1sC7R6VEF3,https://www.bilibili.com/video/BV1sC7R6VEF3,http://i0.hdslb.com/bfs/archive/e40df1469a3bc68659f30a77b0e0801ae88938bb.jpg,871260,782,85621,5169,6682,03:53,2026-06-04 10:00
百万英镑，但素质过低,青时晚,BV1Qt7X61Enn,https://www.bilibili.com/video/BV1Qt7X61Enn,http://i0.hdslb.com/bfs/archive/1573985b4950f4d1001b3a21a50adab722b0a0f1.jpg,295240,536,23422,1561,5887,02:54,2026-06-03 20:49
青春没有售价，我捡的老铁必须卖个高价，别人赶海我赶路，开出隐藏款弹簧钢,董木木在流浪,BV1DKVB6fENp,https://www.bilibili.com/video/BV1DKVB6fENp,http://i2.hdslb.com/bfs/archive/5e70f217d8bb22553630bb33aa37da55af130ffe.jpg,1885115,390,25324,678,1334,03:13,2026-06-02 10:52
啥龙：医生说我只剩几天了……,小陈的脚凑凑的,BV1uE7d6JEAp,https://www.bilibili.com/video/BV1uE7d6JEAp,http://i1.hdslb.com/bfs/archive/e92886e4f49270b6f1a24481e0b0851d64e70fc4.jpg,543453,474,43246,3782,10348,03:01,2026-06-04 07:07
以为这次断更，会是永别,ONLee_Studio,BV1uTEc6AEzV,https://www.bilibili.com/video/BV1uTEc6AEzV,http://i0.hdslb.com/bfs/archive/65223f1fb3bbe6f7b6e2b1e84b56584802350ec6.jpg,137855,421,17553,7188,907,03:31,2026-06-04 21:06
回忆永远都是加分项,央视新闻,BV1QzVR63E3L,https://www.bilibili.com/video/BV1QzVR63E3L,http://i2.hdslb.com/bfs/archive/f4dc3fe8ea88a450877315e867b4995121d5dbf6.jpg,3050766,23134,526711,211300,153333,03:04,2026-06-01 12:00
我养护的石拱桥，已经被国家收录为不可移动文物！,抓紧长长长呀,BV1L7Ew65ETv,https://www.bilibili.com/video/BV1L7Ew65ETv,http://i1.hdslb.com/bfs/archive/56f52737bc566db19c5316ccdcc3b87cc81709e0.jpg,186354,289,18983,1483,765,10:04,2026-06-04 17:35
阳寿伏妖  青州篇【一口气看完八小时合集】,七夜不起夜z,BV1uAVo6yE5n,https://www.bilibili.com/video/BV1uAVo6yE5n,http://i2.hdslb.com/bfs/archive/1d5f24afd7637434849f1321276448ab358b1094.jpg,832089,9498,48067,28471,55396,08:40:28,2026-06-01 13:39
一顿饭只要三块钱，客人吃着吃着，人就“没了”,瞎通不设计了,BV15wVB6YECT,https://www.bilibili.com/video/BV15wVB6YECT,http://i1.hdslb.com/bfs/archive/fd898a754bc3cf4317349a2b3c4394e104417434.jpg,1612993,1970,207954,121237,16912,03:07,2026-06-02 17:00
【传奇耐熬王】经典排骨💀60天仍然有5人存活💪到最后拼的就是谁身体好！🤦‍♂️,-超级小能猫-,BV1hAVm6XEE2,https://www.bilibili.com/video/BV1hAVm6XEE2,http://i0.hdslb.com/bfs/archive/dc3782f8b522707e818c2537030e1b8893332367.jpg,1066951,9891,51105,11569,22704,43:37,2026-06-03 18:15
我第一次用“性价比”来形容豪华品牌,NMNP陈璟,BV14hVZ65E8B,https://www.bilibili.com/video/BV14hVZ65E8B,http://i2.hdslb.com/bfs/archive/d316729e0224e46bded021bef96b067ebd5b6c99.jpg,457956,405,30002,10454,9288,13:59,2026-06-01 18:50
兄弟们！今天给良子做一个入营测试，这身体身体素质，跟我想的不太一样啊!,健身华哥,BV1ogV26FEhB,https://www.bilibili.com/video/BV1ogV26FEhB,http://i1.hdslb.com/bfs/archive/0ef39901811fd5680c39a67445609ba38a9560c2.jpg,1940850,3988,97702,2868,5353,04:06,2026-06-03 11:06
奶香馒头,夏叔厨房,BV1yiEF6WErx,https://www.bilibili.com/video/BV1yiEF6WErx,http://i1.hdslb.com/bfs/archive/82992eb9cddf1a5a5e5e77e481db8626c6005de9.jpg,596211,331,81749,2716,6090,01:16,2026-06-04 14:30
"从""健身芭比""到""女企业家""，帕梅拉有多会""赚""？",小Lin说,BV1f3VU6KEqy,https://www.bilibili.com/video/BV1f3VU6KEqy,http://i0.hdslb.com/bfs/archive/ad9df863f29ccc8f07472fc5234c04740f6ee4b3.jpg,1452262,1376,42385,6922,12369,29:05,2026-06-03 17:30
第一次来山西，刷新了我对中国古建审美的认知！,世茹很如意,BV1u57965E5Y,https://www.bilibili.com/video/BV1u57965E5Y,http://i0.hdslb.com/bfs/archive/6c445515381688a57ff815a41e0714ee9b0761ce.jpg,218304,722,10085,3159,4282,23:09,2026-06-03 18:35
二次元老资历童年都在听什么？！老番串烧34首大连唱！,鹿火CAVY,BV1B75w6zEG1,https://www.bilibili.com/video/BV1B75w6zEG1,http://i1.hdslb.com/bfs/archive/a1759f48c315c61aff7325cc0d6c931ad115a8d4.jpg,1372248,2879,98134,39910,34358,07:42,2026-06-02 02:05
